町名,センター,燃やせるごみ,燃やせないごみ,プラスチック製容器包装,空き缶,空きびん,ペットボトル類,ダンボール・紙製容器・紙パック,蛍光灯
在田町,福井市清掃清美課,火･金,2･4木,月,1･3水,4水,2水,3水,4木
赤坂町,福井市清掃清美課,収集日は清掃清美課にお問い合わせください｡,収集日は清掃清美課にお問い合わせください｡,収集日は清掃清美課にお問い合わせください。,収集日は清掃清美課にお問い合わせください｡,収集日は清掃清美課にお問い合わせください｡,収集日は清掃清美課にお問い合わせください｡,収集日は清掃清美課にお問い合わせください｡,収集日は清掃清美課にお問い合わせください｡
赤谷町,福井市清掃清美課,火･金,2･4木,月,1･3水,4水,2水,3水,奇数月4水
明里町,福井市清掃清美課,月･木,2･4金,火,2･4水,1水,3水,4水,偶数月3水
朝谷町,福井市清掃清美課,火･金,2･4木,月,1･3水,4水,2水,3水,奇数月4水
朝宮町,福井市清掃清美課,火･金,2･4木,月,1･3水,2水,4水,3水,4木
味見河内町,福井市清掃清美課,火･金,2･4木,月,1･3水,4水,2水,3水,奇数月4水
足羽１～５丁目,福井市清掃清美課,月･木,2･4金,火,2･4水,1水,3水,4水,偶数月3水
足羽上町,福井市清掃清美課,収集日は清掃清美課にお問い合わせください｡,収集日は清掃清美課にお問い合わせください｡,収集日は清掃清美課にお問い合わせください。,収集日は清掃清美課にお問い合わせください｡,収集日は清掃清美課にお問い合わせください｡,収集日は清掃清美課にお問い合わせください｡,収集日は清掃清美課にお問い合わせください｡,収集日は清掃清美課にお問い合わせください｡
浅水町,福井市清掃清美課,火･金,1･3月,木,2･4水,1水,3水,4水,奇数月3水
浅水三ケ町,福井市清掃清美課,火･金,1･3月,木,2･4水,1水,3水,4水,奇数月3水
浅水二日町,福井市清掃清美課,火･金,1･3月,木,2･4水,1水,3水,4水,奇数月3水
網戸瀬町,福井市清掃清美課,火･金,2･4木,月,2･4水,3水,1水,4水,偶数月1水
安波賀町,福井市清掃清美課,火･金,1･3月,木,2･4水,1水,3水,4水,奇数月3水
安波賀中島町,福井市清掃清美課,火･金,1･3月,木,2･4水,1水,3水,4水,奇数月3水
安保町,福井市清掃清美課,火･金,1･3月,木,2･4水,1水,3水,4水,奇数月3水
天池町,福井市清掃清美課,月･木,2･4金,火,2･4水,3水,1水,4水,偶数月1水
尼ヶ谷町,福井市清掃清美課,収集日は清掃清美課にお問い合わせください｡,収集日は清掃清美課にお問い合わせください｡,収集日は清掃清美課にお問い合わせください。,収集日は清掃清美課にお問い合わせください｡,収集日は清掃清美課にお問い合わせください｡,収集日は清掃清美課にお問い合わせください｡,収集日は清掃清美課にお問い合わせください｡,収集日は清掃清美課にお問い合わせください｡
天菅生町,福井市清掃清美課,火･金,2･4木,月,1･3水,2水,4水,3水,奇数月4水
鮎川町,福井市清掃清美課,火･金,2･4木,月,1･3水,2水,4水,3水,奇数月4水
荒木町,福井市清掃清美課,月･木,2･4火,金,1･3水,4水,2水,3水,奇数月2水
荒木新保町,福井市清掃清美課,月･木,2･4火,金,1･3水,4水,2水,3水,奇数月2水
荒木別所町,福井市清掃清美課,月･木,2･4火,金,1･3水,4水,2水,3水,奇数月2水
荒谷町,福井市清掃清美課,火･金,2･4木,月,1･3水,2水,4水,3水,奇数月4水
飯塚町,福井市清掃清美課,月･木,1･3金,火,2･4水,1水,3水,4水,奇数月3水
幾久町２字以外,福井市清掃清美課,火･金,2･4月,木,2･4水,3水,1水,4水,奇数月1水
幾久町２字,福井市清掃清美課,火･金,2･4木,月,2･4水,3水,1水,4水,偶数月1水
幾代２丁目,福井市清掃清美課,火･金,2･4木,月,2･4水,3水,1水,4水,偶数月1水
居倉町,福井市清掃清美課,火･金,2･4木,月,1･3水,2水,4水,3水,4木
池尻町,福井市清掃清美課,火･金,2･4木,月,1･3水,2水,4水,3水,奇数月4水
生部町,福井市清掃清美課,火･金,1･3月,木,2･4水,1水,3水,4水,奇数月3水
石新保町,福井市清掃清美課,火･金,2･4木,月,1･3水,2水,4水,3水,奇数月4水
石橋町,福井市清掃清美課,火･金,2･4木,月,1･3水,2水,4水,3水,奇数月4水
石畠町,福井市清掃清美課,火･金,2･4木,月,1･3水,2水,4水,3水,奇数月4水
石盛町,福井市清掃清美課,月･木,2･4金,火,2･4水,3水,1水,4水,偶数月1水
泉田町,福井市清掃清美課,火･金,2･4木,月,1･3水,4水,2水,3水,奇数月2水
板垣町,福井市清掃清美課,月･木,2･4火,金,1･3水,4水,2水,3水,偶数月2水
板垣１～５丁目,福井市清掃清美課,月･木,2･4火,金,1･3水,4水,2水,3水,偶数月2水
一王寺町,福井市清掃清美課,火･金,2･4木,月,1･3水,2水,4水,3水,奇数月4水
市波町,福井市清掃清美課,火･金,2･4木,月,1･3水,4水,2水,3水,奇数月4水
市ノ瀬町,福井市清掃清美課,火･金,2･4木,月,1･3水,2水,4水,3水,奇数月4水
一本木町,福井市清掃清美課,月･木,2･4火,金,1･3水,4水,2水,3水,偶数月2水
糸崎町,福井市清掃清美課,火･金,2･4木,月,1･3水,2水,4水,3水,奇数月4水
稲多新町,福井市清掃清美課,月･木,2･4金,火,2･4水,3水,1水,4水,偶数月1水
稲多浜町,福井市清掃清美課,月･木,2･4金,火,2･4水,3水,1水,4水,偶数月1水
稲多元町,福井市清掃清美課,月･木,2･4金,火,2･4水,3水,1水,4水,偶数月1水
稲津町（足羽川北）,福井市清掃清美課,月･木,2･4火,金,1･3水,4水,2水,3水,奇数月2水
稲津町（足羽川南）６７字～,福井市清掃清美課,火･金,1･3月,木,2･4水,1水,3水,4水,奇数月3水
今市町,福井市清掃清美課,火･金,1･3月,木,2･4水,1水,3水,4水,奇数月3水
岩倉町,福井市清掃清美課,火･金,1･3月,木,2･4水,1水,3水,4水,奇数月3水
印田町,福井市清掃清美課,火･金,2･4木,月,1･3水,4水,2水,3水,奇数月2水
上野町,福井市清掃清美課,火･金,2･4木,月,1･3水,2水,4水,3水,奇数月4水
上野本町,福井市清掃清美課,月･木,2･4金,火,2･4水,3水,1水,4水,偶数月1水
上野本町新（団地）,福井市清掃清美課,月･木,2･4金,火,2･4水,3水,1水,4水,偶数月1水
上伏町,福井市清掃清美課,火･金,2･4月,木,2･4水,3水,1水,4水,奇数月1水
宇坂大谷町,福井市清掃清美課,火･金,2･4木,月,1･3水,4水,2水,3水,奇数月4水
宇坂別所町,福井市清掃清美課,火･金,2･4木,月,1･3水,4水,2水,3水,奇数月4水
羽水１～３丁目,福井市清掃清美課,月･木,2･4火,金,1･3水,4水,2水,3水,偶数月2水
獺ケ口町,福井市清掃清美課,火･金,2･4木,月,1･3水,4水,2水,3水,奇数月4水
謡谷町,福井市清掃清美課,収集日は清掃清美課にお問い合わせください｡,収集日は清掃清美課にお問い合わせください｡,収集日は清掃清美課にお問い合わせください。,収集日は清掃清美課にお問い合わせください｡,収集日は清掃清美課にお問い合わせください｡,収集日は清掃清美課にお問い合わせください｡,収集日は清掃清美課にお問い合わせください｡,収集日は清掃清美課にお問い合わせください｡
内山梨子町,福井市清掃清美課,火･金,2･4木,月,1･3水,2水,4水,3水,奇数月4水
馬垣町,福井市清掃清美課,月･木,2･4火,金,1･3水,4水,2水,3水,偶数月2水
漆原町,福井市清掃清美課,月･木,2･4金,火,2･4水,3水,1水,4水,偶数月1水
運動公園１～４丁目,福井市清掃清美課,火･金,2･4月,木,2･4水,1水,3水,4水,偶数月3水
江上町,福井市清掃清美課,火･金,2･4木,月,1･3水,2水,4水,3水,奇数月4水
江尻ヶ丘町,福井市清掃清美課,火･金,1･3月,木,2･4水,1水,3水,4水,奇数月3水
江端町,福井市清掃清美課,火･金,1･3月,木,2･4水,1水,3水,4水,奇数月3水
海老助町,福井市清掃清美課,火･金,2･4月,木,2･4水,3水,1水,4水,奇数月1水
江守中町,福井市清掃清美課,火･金,1･3木,月,2･4水,1水,3水,4水,偶数月3水
江守中１・２丁目,福井市清掃清美課,火･金,1･3木,月,2･4水,1水,3水,4水,偶数月3水
江守の里１・２丁目,福井市清掃清美課,火･金,1･3月,木,2･4水,1水,3水,4水,奇数月3水
円山１丁目,福井市清掃清美課,月･木,2･4金,火,1･3水,4水,2水,3水,奇数月2水
円成寺町,福井市清掃清美課,火･金,1･3月,木,2･4水,1水,3水,4水,奇数月3水
大窪町,福井市清掃清美課,火･金,2･4木,月,1･3水,2水,4水,3水,奇数月4水
大久保町,福井市清掃清美課,火･金,2･4木,月,1･3水,4水,2水,3水,奇数月4水
大島町（江端川北）,福井市清掃清美課,火･金,1･3木,月,2･4水,1水,3水,4水,偶数月3水
大島町（江端川南）,福井市清掃清美課,火･金,1･3月,木,2･4水,1水,3水,4水,奇数月3水
大瀬町５・６字以外,福井市清掃清美課,月･木,1･3金,火,2･4水,1水,3水,4水,奇数月3水
大瀬町５・６字,福井市清掃清美課,月･木,1･3金,火,1･3水,2水,4水,3水,奇数月4水
太田町,福井市清掃清美課,火･金,1･3月,木,2･4水,1水,3水,4水,奇数月3水
大谷町,福井市清掃清美課,火･金,2･4木,月,1･3水,2水,4水,3水,奇数月4水
大手１・２（駅前以外）３丁目（北側）,福井市清掃清美課,月･木,1･3火,金,1･3水,4水,2水,3水,偶数月2水
大手２丁目（駅前）,福井市清掃清美課,収集日は清掃清美課にお問い合わせください｡,収集日は清掃清美課にお問い合わせください｡,収集日は清掃清美課にお問い合わせください。,収集日は清掃清美課にお問い合わせください｡,収集日は清掃清美課にお問い合わせください｡,収集日は清掃清美課にお問い合わせください｡,収集日は清掃清美課にお問い合わせください｡,収集日は清掃清美課にお問い合わせください｡
大手３丁目（北側以外）,福井市清掃清美課,月･木,1･3火,金,1･3水,4水,2水,3水,偶数月2水
大年町,福井市清掃清美課,火･金,2･4木,月,1･3水,2水,4水,3水,奇数月4水
大土呂町,福井市清掃清美課,火･金,1･3月,木,2･4水,1水,3水,4水,奇数月3水
大町（江崎）,福井市清掃清美課,火･金,1･3木,月,2･4水,1水,3水,4水,偶数月3水
大町（江崎以外）,福井市清掃清美課,火･金,1･3月,木,2･4水,1水,3水,4水,奇数月3水
大町１・２丁目,福井市清掃清美課,火･金,1･3月,木,2･4水,1水,3水,4水,奇数月3水
大味町,福井市清掃清美課,火･金,2･4木,月,1･3水,2水,4水,3水,4木
大宮町,福井市清掃清美課,火･金,2･4木,月,1･3水,4水,2水,3水,奇数月4水
大宮１～６丁目,福井市清掃清美課,火･金,2･4月,木,2･4水,3水,1水,4水,奇数月1水
大村町,福井市清掃清美課,火･金,1･3月,木,2･4水,1水,3水,4水,奇数月3水
大森町,福井市清掃清美課,火･金,2･4木,月,1･3水,2水,4水,3水,4木
大矢町,福井市清掃清美課,火･金,2･4木,月,1･3水,2水,4水,3水,奇数月4水
大和田町,福井市清掃清美課,火･金,2･4木,月,1･3水,4水,2水,3水,奇数月2水
大和田１・２丁目,福井市清掃清美課,火･金,2･4木,月,1･3水,4水,2水,3水,奇数月2水
岡西谷町,福井市清掃清美課,月･木,2･4火,金,1･3水,4水,2水,3水,奇数月2水
恐神町,福井市清掃清美課,火･金,2･4月,木,1･3水,2水,4水,3水,奇数月4水
小当見町,福井市清掃清美課,火･金,2･4木,月,1･3水,4水,2水,3水,奇数月4水
大丹生町,福井市清掃清美課,火･金,2･4木,月,1･3水,2水,4水,3水,奇数月4水
小羽町,福井市清掃清美課,火･金,2･4木,月,1･3水,4水,2水,3水,4木
大畑町,福井市清掃清美課,月･木,2･4火,金,1･3水,4水,2水,3水,奇数月2水
小山谷町,福井市清掃清美課,収集日は清掃清美課にお問い合わせください｡,収集日は清掃清美課にお問い合わせください｡,収集日は清掃清美課にお問い合わせください。,収集日は清掃清美課にお問い合わせください｡,収集日は清掃清美課にお問い合わせください｡,収集日は清掃清美課にお問い合わせください｡,収集日は清掃清美課にお問い合わせください｡,収集日は清掃清美課にお問い合わせください｡
折立町,福井市清掃清美課,火･金,2･4木,月,1･3水,4水,2水,3水,奇数月4水
開発町,福井市清掃清美課,月･木,2･4金,火,1･3水,4水,2水,3水,奇数月2水
開発１～５丁目,福井市清掃清美課,月･木,2･4金,火,1･3水,4水,2水,3水,奇数月2水
柿谷町,福井市清掃清美課,火･金,2･4木,月,1･3水,2水,4水,3水,奇数月4水
学園１～３丁目,福井市清掃清美課,月･木,1･3金,火,1･3水,2水,4水,3水,偶数月4水
花月１～５丁目,福井市清掃清美課,月･木,1･3金,火,1･3水,2水,4水,3水,偶数月4水
篭谷町,福井市清掃清美課,火･金,2･4木,月,1･3水,4水,2水,3水,奇数月4水
風尾町,福井市清掃清美課,火･金,2･4木,月,1･3水,2水,4水,3水,奇数月4水
風巻町,福井市清掃清美課,火･金,2･4木,月,1･3水,4水,2水,3水,4木
主計中町,福井市清掃清美課,火･金,1･3月,木,2･4水,1水,3水,4水,奇数月3水
春日町,福井市清掃清美課,月･木,2･4火,金,1･3水,4水,2水,3水,偶数月2水
春日１～３丁目,福井市清掃清美課,月･木,2･4火,金,1･3水,4水,2水,3水,偶数月2水
片粕町,福井市清掃清美課,火･金,2･4木,月,1･3水,2水,4水,3水,4木
片山町,福井市清掃清美課,火･金,2･4木,月,1･3水,4水,2水,3水,4木
勝見１～３丁目,福井市清掃清美課,月･木,2･4火,金,1･3水,4水,2水,3水,偶数月2水
鹿俣町,福井市清掃清美課,火･金,1･3月,木,2･4水,1水,3水,4水,奇数月3水
金屋町,福井市清掃清美課,火･金,2･4月,木,1･3水,2水,4水,3水,奇数月4水
上莇生田町,福井市清掃清美課,火･金,1･3月,木,2･4水,1水,3水,4水,奇数月3水
上一光町,福井市清掃清美課,収集日は清掃清美課にお問い合わせください｡,収集日は清掃清美課にお問い合わせください｡,収集日は清掃清美課にお問い合わせください。,収集日は清掃清美課にお問い合わせください｡,収集日は清掃清美課にお問い合わせください｡,収集日は清掃清美課にお問い合わせください｡,収集日は清掃清美課にお問い合わせください｡,収集日は清掃清美課にお問い合わせください｡
上江尻町,福井市清掃清美課,火･金,1･3月,木,2･4水,1水,3水,4水,奇数月3水
上北野町,福井市清掃清美課,月･木,2･4金,火,1･3水,4水,2水,3水,奇数月2水
上北野１・２丁目,福井市清掃清美課,月･木,2･4金,火,1･3水,4水,2水,3水,奇数月2水
上河北町,福井市清掃清美課,火･金,1･3月,木,2･4水,1水,3水,4水,奇数月3水
上天下町,福井市清掃清美課,火･金,2･4木,月,1･3水,4水,2水,3水,4木
上東郷町,福井市清掃清美課,火･金,1･3月,木,2･4水,1水,3水,4水,奇数月3水
上中町,福井市清掃清美課,火･金,2･4木,月,1･3水,4水,2水,3水,奇数月2水
上毘沙門町,福井市清掃清美課,火･金,1･3月,木,2･4水,1水,3水,4水,奇数月3水
上細江町,福井市清掃清美課,火･金,1･3月,木,2･4水,1水,3水,4水,奇数月3水
上森田町,福井市清掃清美課,月･木,2･4金,火,2･4水,3水,1水,4水,偶数月1水
上森田１～５丁目,福井市清掃清美課,月･木,2･4金,火,2･4水,3水,1水,4水,偶数月1水
上六条町,福井市清掃清美課,火･金,1･3月,木,2･4水,1水,3水,4水,奇数月3水
加茂町,福井市清掃清美課,火･金,2･4木,月,1･3水,2水,4水,3水,4木
蒲生町,福井市清掃清美課,火･金,2･4木,月,1･3水,2水,4水,3水,4木
加茂内町,福井市清掃清美課,火･金,2･4木,月,1･3水,2水,4水,3水,4木
加茂河原町（こどもの国を含む）,福井市清掃清美課,月･木,2･4金,火,2･4水,1水,3水,4水,奇数月3水
加茂河原１～４丁目,福井市清掃清美課,月･木,2･4金,火,2･4水,1水,3水,4水,奇数月3水
加茂緑苑町７０１～１０００番以外,福井市清掃清美課,月･木,2･4金,火,2･4水,1水,3水,4水,奇数月3水
加茂緑苑町７０１～１０００番,福井市清掃清美課,火･金,1･3木,月,2･4水,1水,3水,4水,偶数月3水
河合勝見町,福井市清掃清美課,火･金,2･4木,月,2･4水,3水,1水,4水,偶数月1水
河合寄安町,福井市清掃清美課,月･木,2･4金,火,2･4水,3水,1水,4水,偶数月1水
川合鷲塚町,福井市清掃清美課,火･金,2･4木,月,2･4水,3水,1水,4水,偶数月1水
川尻町,福井市清掃清美課,火･金,2･4木,月,1･3水,2水,4水,3水,奇数月4水
神当部町,福井市清掃清美課,火･金,2･4木,月,1･3水,4水,2水,3水,奇数月4水
岸水町,福井市清掃清美課,火･金,2･4木,月,1･3水,2水,4水,3水,奇数月4水
木田町,福井市清掃清美課,月･木,2･4火,金,1･3水,4水,2水,3水,偶数月2水
木田１～３丁目,福井市清掃清美課,月･木,2･4火,金,1･3水,4水,2水,3水,偶数月2水
北今泉町,福井市清掃清美課,月･木,2･4金,火,1･3水,4水,2水,3水,奇数月2水
北菅生町,福井市清掃清美課,火･金,2･4木,月,1･3水,2水,4水,3水,奇数月4水
北楢原町,福井市清掃清美課,火･金,2･4木,月,1･3水,2水,4水,3水,奇数月4水
北野上町,福井市清掃清美課,火･金,2･4木,月,1･3水,4水,2水,3水,奇数月2水
北野下町,福井市清掃清美課,火･金,2･4木,月,1･3水,4水,2水,3水,奇数月2水
北堀町,福井市清掃清美課,火･金,2･4月,木,1･3水,2水,4水,3水,奇数月4水
北山町,福井市清掃清美課,火･金,1･3月,木,2･4水,1水,3水,4水,奇数月3水
北山新保町,福井市清掃清美課,火･金,1･3月,木,2･4水,1水,3水,4水,奇数月3水
北四ッ居町,福井市清掃清美課,月･木,2･4金,火,1･3水,4水,2水,3水,奇数月2水
北四ッ居１～３丁目,福井市清掃清美課,月･木,2･4金,火,1･3水,4水,2水,3水,奇数月2水
狐橋１・２丁目,福井市清掃清美課,月･木,2･4金,火,2･4水,1水,3水,4水,奇数月3水
城戸ノ内町,福井市清掃清美課,火･金,1･3月,木,2･4水,1水,3水,4水,奇数月3水
木下町,福井市清掃清美課,火･金,2･4木,月,1･3水,2水,4水,3水,奇数月4水
経栄１丁目,福井市清掃清美課,火･金,2･4木,月,2･4水,3水,1水,4水,偶数月1水
経田１・２丁目,福井市清掃清美課,火･金,2･4木,月,2･4水,3水,1水,4水,偶数月1水
木米町,福井市清掃清美課,火･金,2･4木,月,1･3水,2水,4水,3水,奇数月4水
久喜津町,福井市清掃清美課,月･木,2･4金,火,2･4水,1水,3水,4水,奇数月3水
串野町,福井市清掃清美課,火･金,2･4木,月,1･3水,2水,4水,3水,奇数月4水
国見町,福井市清掃清美課,収集日は清掃清美課にお問い合わせください｡,収集日は清掃清美課にお問い合わせください｡,収集日は清掃清美課にお問い合わせください。,収集日は清掃清美課にお問い合わせください｡,収集日は清掃清美課にお問い合わせください｡,収集日は清掃清美課にお問い合わせください｡,収集日は清掃清美課にお問い合わせください｡,収集日は清掃清美課にお問い合わせください｡
国山町,福井市清掃清美課,収集日は清掃清美課にお問い合わせください｡,収集日は清掃清美課にお問い合わせください｡,収集日は清掃清美課にお問い合わせください。,収集日は清掃清美課にお問い合わせください｡,収集日は清掃清美課にお問い合わせください｡,収集日は清掃清美課にお問い合わせください｡,収集日は清掃清美課にお問い合わせください｡,収集日は清掃清美課にお問い合わせください｡
茱崎町,福井市清掃清美課,火･金,2･4木,月,1･3水,2水,4水,3水,4木
蔵作町,福井市清掃清美課,火･金,2･4木,月,1･3水,4水,2水,3水,奇数月4水
グリーンハイツ１～１０丁目,福井市清掃清美課,火･金,2･4木,月,1･3水,2水,4水,3水,4木
栗森町,福井市清掃清美課,月･木,2･4金,火,2･4水,3水,1水,4水,偶数月1水
栗森町浜,福井市清掃清美課,月･木,2･4金,火,2･4水,3水,1水,4水,偶数月1水
黒丸町,福井市清掃清美課,火･金,2･4月,木,2･4水,3水,1水,4水,奇数月1水
黒丸城町,福井市清掃清美課,火･金,2･4木,月,1･3水,2水,4水,3水,奇数月4水
下馬町,福井市清掃清美課,月･木,2･4火,金,1･3水,4水,2水,3水,偶数月2水
下馬１～３丁目,福井市清掃清美課,月･木,2･4火,金,1･3水,4水,2水,3水,偶数月2水
毛矢１丁目、毛矢２丁目７～１１番、毛矢３丁目,福井市清掃清美課,火･金,1･3木,月,2･4水,1水,3水,4水,偶数月3水
毛矢２丁目１～６番,福井市清掃清美課,月･木,2･4金,火,2･4水,1水,3水,4水,偶数月3水
玄正島町,福井市清掃清美課,火･金,2･4木,月,1･3水,4水,2水,3水,奇数月2水
堅達町,福井市清掃清美課,月･木,2･4火,金,1･3水,4水,2水,3水,奇数月2水
乾徳１～４丁目,福井市清掃清美課,月･木,1･3金,火,1･3水,2水,4水,3水,偶数月4水
小稲津町,福井市清掃清美課,火･金,1･3月,木,2･4水,1水,3水,4水,奇数月3水
小宇坂町,福井市清掃清美課,火･金,2･4木,月,1･3水,4水,2水,3水,奇数月4水
小宇坂島町,福井市清掃清美課,火･金,2･4木,月,1･3水,4水,2水,3水,奇数月4水
合島町,福井市清掃清美課,月･木,2･4火,金,1･3水,4水,2水,3水,奇数月2水
河水町,福井市清掃清美課,月･木,2･4火,金,1･3水,4水,2水,3水,奇数月2水
合谷町,福井市清掃清美課,火･金,1･3月,木,2･4水,1水,3水,4水,奇数月3水
河内町,福井市清掃清美課,火･金,2･4木,月,1･3水,2水,4水,3水,奇数月4水
河増町,福井市清掃清美課,月･木,2･4金,火,1･3水,4水,2水,3水,奇数月2水
光陽１～４丁目,福井市清掃清美課,月･木,1･3金,火,1･3水,2水,4水,3水,偶数月4水
郡町,福井市清掃清美課,火･金,2･4月,木,2･4水,3水,1水,4水,奇数月1水
甑谷町,福井市清掃清美課,火･金,2･4木,月,1･3水,4水,2水,3水,4木
小尉町,福井市清掃清美課,火･金,2･4木,月,1･3水,2水,4水,3水,奇数月4水
御所垣内町,福井市清掃清美課,火･金,2･4木,月,1･3水,2水,4水,3水,奇数月4水
五太子町,福井市清掃清美課,収集日は清掃清美課にお問い合わせください｡,収集日は清掃清美課にお問い合わせください｡,収集日は清掃清美課にお問い合わせください。,収集日は清掃清美課にお問い合わせください｡,収集日は清掃清美課にお問い合わせください｡,収集日は清掃清美課にお問い合わせください｡,収集日は清掃清美課にお問い合わせください｡,収集日は清掃清美課にお問い合わせください｡
小丹生町,福井市清掃清美課,火･金,2･4木,月,1･3水,2水,4水,3水,奇数月4水
小野町,福井市清掃清美課,火･金,2･4木,月,1･3水,2水,4水,3水,奇数月4水
御油町,福井市清掃清美課,火･金,2･4木,月,1･3水,4水,2水,3水,4木
小和清水町,福井市清掃清美課,火･金,2･4木,月,1･3水,4水,2水,3水,奇数月4水
小幡町,福井市清掃清美課,火･金,2･4木,月,1･3水,2水,4水,3水,奇数月4水
境寺町,福井市清掃清美課,火･金,2･4木,月,1･3水,4水,2水,3水,奇数月4水
栄町,福井市清掃清美課,月･木,2･4金,火,2･4水,3水,1水,4水,偶数月1水
坂下町,福井市清掃清美課,月･木,2･4火,金,1･3水,4水,2水,3水,奇数月2水
笹谷町,福井市清掃清美課,火･金,2･4木,月,1･3水,2水,4水,3水,4木
定正町,福井市清掃清美課,月･木,2･4金,火,2･4水,3水,1水,4水,偶数月1水
里別所町,福井市清掃清美課,火･金,2･4月,木,2･4水,3水,1水,4水,奇数月1水
里別所新町,福井市清掃清美課,火･金,2･4月,木,2･4水,3水,1水,4水,奇数月1水
左内町,福井市清掃清美課,月･木,2･4金,火,2･4水,1水,3水,4水,偶数月3水
佐野町,福井市清掃清美課,火･金,2･4木,月,1･3水,2水,4水,3水,奇数月4水
三郎丸町,福井市清掃清美課,火･金,2･4月,木,2･4水,3水,1水,4水,奇数月1水
三郎丸１～４丁目,福井市清掃清美課,火･金,2･4月,木,2･4水,3水,1水,4水,奇数月1水
更毛町,福井市清掃清美課,火･金,2･4月,木,1･3水,2水,4水,3水,奇数月4水
皿谷町,福井市清掃清美課,火･金,2･4木,月,1･3水,4水,2水,3水,奇数月4水
三十八社町,福井市清掃清美課,火･金,1･3月,木,2･4水,1水,3水,4水,奇数月3水
三本木町,福井市清掃清美課,火･金,1･3月,木,2･4水,1水,3水,4水,奇数月3水
三万谷町,福井市清掃清美課,火･金,2･4木,月,1･3水,4水,2水,3水,奇数月4水
宿布町,福井市清掃清美課,月･木,2･4火,金,1･3水,4水,2水,3水,奇数月2水
重立町,福井市清掃清美課,火･金,2･4木,月,1･3水,4水,2水,3水,奇数月2水
四十谷町,福井市清掃清美課,火･金,2･4木,月,1･3水,2水,4水,3水,奇数月4水
志津が丘１～４丁目,福井市清掃清美課,火･金,2･4木,月,1･3水,2水,4水,3水,4木
品ケ瀬町,福井市清掃清美課,火･金,2･4木,月,1･3水,4水,2水,3水,奇数月4水
篠尾町,福井市清掃清美課,月･木,2･4火,金,1･3水,4水,2水,3水,奇数月2水
志比口１～３丁目,福井市清掃清美課,月･木,2･4金,火,1･3水,4水,2水,3水,奇数月2水
島寺町,福井市清掃清美課,火･金,2･4木,月,1･3水,4水,2水,3水,4木
島橋町,福井市清掃清美課,火･金,2･4木,月,1･3水,4水,2水,3水,奇数月2水
島山梨子町,福井市清掃清美課,火･金,2･4木,月,1･3水,2水,4水,3水,奇数月4水
清水町,福井市清掃清美課,火･金,2･4木,月,1･3水,4水,2水,3水,4木
清水杉谷町,福井市清掃清美課,火･金,2･4木,月,1･3水,4水,2水,3水,4木
清水畑町,福井市清掃清美課,火･金,2･4木,月,1･3水,2水,4水,3水,4木
清水山町,福井市清掃清美課,火･金,2･4木,月,1･3水,4水,2水,3水,4木
下莇生田町,福井市清掃清美課,火･金,1･3月,木,2･4水,1水,3水,4水,奇数月3水
下荒井町,福井市清掃清美課,火･金,1･3月,木,2･4水,1水,3水,4水,奇数月3水
下一光町,福井市清掃清美課,収集日は清掃清美課にお問い合わせください｡,収集日は清掃清美課にお問い合わせください｡,収集日は清掃清美課にお問い合わせください。,収集日は清掃清美課にお問い合わせください｡,収集日は清掃清美課にお問い合わせください｡,収集日は清掃清美課にお問い合わせください｡,収集日は清掃清美課にお問い合わせください｡,収集日は清掃清美課にお問い合わせください｡
下市町,福井市清掃清美課,火･金,2･4月,木,1･3水,2水,4水,3水,奇数月4水
下江尻町,福井市清掃清美課,火･金,1･3月,木,2･4水,1水,3水,4水,奇数月3水
下江守町,福井市清掃清美課,火･金,1･3木,月,2･4水,1水,3水,4水,偶数月3水
下河北町,福井市清掃清美課,火･金,1･3月,木,2･4水,1水,3水,4水,奇数月3水
下天下町,福井市清掃清美課,火･金,2･4木,月,1･3水,4水,2水,3水,4木
下東郷町,福井市清掃清美課,火･金,1･3月,木,2･4水,1水,3水,4水,奇数月3水
下中町,福井市清掃清美課,火･金,2･4木,月,1･3水,4水,2水,3水,奇数月2水
下毘沙門町,福井市清掃清美課,火･金,1･3月,木,2･4水,1水,3水,4水,奇数月3水
下細江町,福井市清掃清美課,火･金,1･3月,木,2･4水,1水,3水,4水,奇数月3水
下森田桜町,福井市清掃清美課,月･木,2･4金,火,2･4水,3水,1水,4水,偶数月1水
下森田新町,福井市清掃清美課,月･木,2･4金,火,2･4水,3水,1水,4水,偶数月1水
下森田藤巻町,福井市清掃清美課,月･木,2･4金,火,2･4水,3水,1水,4水,偶数月1水
下森田本町,福井市清掃清美課,月･木,2･4金,火,2･4水,3水,1水,4水,偶数月1水
下森田町,福井市清掃清美課,月･木,2･4金,火,2･4水,3水,1水,4水,偶数月1水
下六条町,福井市清掃清美課,火･金,1･3月,木,2･4水,1水,3水,4水,奇数月3水
宿堂町,福井市清掃清美課,火･金,2･4木,月,1･3水,2水,4水,3水,奇数月4水
順化１・２丁目,福井市清掃清美課,月･木,1･3金,火,1･3水,2水,4水,3水,偶数月4水
成願寺町,福井市清掃清美課,月･木,2･4火,金,1･3水,4水,2水,3水,奇数月2水
浄教寺町,福井市清掃清美課,火･金,1･3月,木,2･4水,1水,3水,4水,奇数月3水
小路町,福井市清掃清美課,火･金,1･3月,木,2･4水,1水,3水,4水,奇数月3水
城東１～４丁目,福井市清掃清美課,月･木,2･4火,金,1･3水,4水,2水,3水,偶数月2水
浄土寺町,福井市清掃清美課,火･金,2･4木,月,1･3水,2水,4水,3水,奇数月4水
生野町,福井市清掃清美課,火･金,1･3月,木,2･4水,1水,3水,4水,奇数月3水
菖蒲谷町,福井市清掃清美課,火･金,2･4木,月,1･3水,2水,4水,3水,奇数月4水
昭和新町,福井市清掃清美課,火･金,2･4木,月,1･3水,2水,4水,3水,奇数月4水
白方町,福井市清掃清美課,火･金,2･4木,月,1･3水,2水,4水,3水,奇数月4水
白滝町,福井市清掃清美課,火･金,2･4木,月,1･3水,2水,4水,3水,奇数月4水
白浜町,福井市清掃清美課,火･金,2･4木,月,1･3水,2水,4水,3水,奇数月4水
城有町,福井市清掃清美課,火･金,2･4木,月,1･3水,2水,4水,3水,4木
次郎丸町,福井市清掃清美課,月･木,2･4火,金,1･3水,4水,2水,3水,奇数月2水
新下江守町,福井市清掃清美課,火･金,1･3木,月,2･4水,1水,3水,4水,偶数月3水
新田本町,福井市清掃清美課,火･金,2･4木,月,2･4水,3水,1水,4水,偶数月1水
新開町,福井市清掃清美課,火･金,1･3月,木,2･4水,1水,3水,4水,奇数月3水
新保町,福井市清掃清美課,月･木,2･4金,火,1･3水,4水,2水,3水,奇数月2水
新保１～３丁目,福井市清掃清美課,月･木,2･4金,火,1･3水,4水,2水,3水,奇数月2水
新保北１丁目,福井市清掃清美課,月･木,2･4金,火,1･3水,4水,2水,3水,奇数月2水
椙谷町,福井市清掃清美課,火･金,2･4木,月,1･3水,4水,2水,3水,奇数月4水
末広町,福井市清掃清美課,火･金,1･3月,木,2･4水,1水,3水,4水,奇数月3水
末町,福井市清掃清美課,火･金,2･4月,木,1･3水,2水,4水,3水,奇数月4水
菅谷町,福井市清掃清美課,月･木,1･3金,火,1･3水,2水,4水,3水,偶数月4水
菅谷１・２丁目,福井市清掃清美課,月･木,1･3金,火,1･3水,2水,4水,3水,偶数月4水
杉谷町,福井市清掃清美課,火･金,1･3月,木,2･4水,1水,3水,4水,奇数月3水
砂子坂町,福井市清掃清美課,火･金,2･4木,月,1･3水,2水,4水,3水,奇数月4水
砂子田町,福井市清掃清美課,火･金,2･4木,月,1･3水,2水,4水,3水,奇数月4水
成和１・２丁目,福井市清掃清美課,月･木,2･4火,金,1･3水,4水,2水,3水,偶数月2水
仙町,福井市清掃清美課,火･金,2･4木,月,1･3水,2水,4水,3水,奇数月4水
曽万布町,福井市清掃清美課,月･木,2･4火,金,1･3水,4水,2水,3水,奇数月2水
大願寺１～３丁目,福井市清掃清美課,火･金,2･4月,木,2･4水,3水,1水,4水,奇数月1水
大東１～３丁目,福井市清掃清美課,月･木,2･4金,火,1･3水,4水,2水,3水,奇数月2水
高尾町,福井市清掃清美課,月･木,2･4火,金,1･3水,4水,2水,3水,奇数月2水
高木町,福井市清掃清美課,火･金,2･4木,月,2･4水,3水,1水,4水,偶数月1水
高木１・２丁目,福井市清掃清美課,火･金,2･4木,月,2･4水,3水,1水,4水,偶数月1水
高木北１～５丁目,福井市清掃清美課,火･金,2･4木,月,2･4水,3水,1水,4水,偶数月1水
高木中央１～３丁目,福井市清掃清美課,火･金,2･4木,月,2･4水,3水,1水,4水,偶数月1水
高木西１丁目,福井市清掃清美課,火･金,2･4木,月,2･4水,3水,1水,4水,偶数月1水
高須町,福井市清掃清美課,収集日は清掃清美課にお問い合わせください｡,収集日は清掃清美課にお問い合わせください｡,収集日は清掃清美課にお問い合わせください。,収集日は清掃清美課にお問い合わせください｡,収集日は清掃清美課にお問い合わせください｡,収集日は清掃清美課にお問い合わせください｡,収集日は清掃清美課にお問い合わせください｡,収集日は清掃清美課にお問い合わせください｡
高田町,福井市清掃清美課,火･金,2･4木,月,1･3水,4水,2水,3水,奇数月4水
高塚町,福井市清掃清美課,月･木,2･4金,火,2･4水,1水,3水,4水,奇数月3水
高屋町,福井市清掃清美課,火･金,2･4木,月,2･4水,3水,1水,4水,偶数月1水
高柳１・２（１７０１～１８００番以外）・３丁目,福井市清掃清美課,火･金,2･4木,月,2･4水,3水,1水,4水,偶数月1水
高柳２（１７０１～１８００番）丁目,福井市清掃清美課,火･金,2･4木,月,1･3水,4水,2水,3水,奇数月2水
高柳町,福井市清掃清美課,火･金,2･4木,月,2･4水,3水,1水,4水,偶数月1水
滝波町,福井市清掃清美課,火･金,2･4木,月,1･3水,2水,4水,3水,4木
竹生町,福井市清掃清美課,火･金,2･4木,月,1･3水,4水,2水,3水,4木
田治島町,福井市清掃清美課,火･金,1･3月,木,2･4水,1水,3水,4水,奇数月3水
田尻町,福井市清掃清美課,火･金,2･4木,月,1･3水,4水,2水,3水,奇数月4水
田尻栃谷町,福井市清掃清美課,火･金,2･4木,月,1･3水,4水,2水,3水,4木
種池町,福井市清掃清美課,火･金,1･3木,月,2･4水,1水,3水,4水,偶数月3水
種池１・２丁目,福井市清掃清美課,火･金,1･3木,月,2･4水,1水,3水,4水,偶数月3水
田中町,福井市清掃清美課,火･金,1･3月,木,2･4水,1水,3水,4水,奇数月3水
田ノ頭町,福井市清掃清美課,火･金,2･4木,月,1･3水,2水,4水,3水,奇数月4水
田ノ谷町,福井市清掃清美課,火･金,2･4木,月,1･3水,2水,4水,3水,奇数月4水
為寄町,福井市清掃清美課,火･金,2･4木,月,1･3水,2水,4水,3水,奇数月4水
田原１・２丁目,福井市清掃清美課,月･木,1･3金,火,1･3水,2水,4水,3水,偶数月4水
千合町,福井市清掃清美課,収集日は清掃清美課にお問い合わせください｡,収集日は清掃清美課にお問い合わせください｡,収集日は清掃清美課にお問い合わせください。,収集日は清掃清美課にお問い合わせください｡,収集日は清掃清美課にお問い合わせください｡,収集日は清掃清美課にお問い合わせください｡,収集日は清掃清美課にお問い合わせください｡,収集日は清掃清美課にお問い合わせください｡
地蔵堂町,福井市清掃清美課,火･金,2･4月,木,2･4水,3水,1水,4水,奇数月1水
中央１丁目,福井市清掃清美課,収集日は清掃清美課にお問い合わせください｡,収集日は清掃清美課にお問い合わせください｡,収集日は清掃清美課にお問い合わせください。,収集日は清掃清美課にお問い合わせください｡,収集日は清掃清美課にお問い合わせください｡,収集日は清掃清美課にお問い合わせください｡,収集日は清掃清美課にお問い合わせください｡,収集日は清掃清美課にお問い合わせください｡
中央１丁目（マンション）,福井市清掃清美課,月･木,1･3火,金,1･3水,4水,2水,3水,偶数月2水
中央２・３丁目,福井市清掃清美課,月･木,1･3火,金,1･3水,4水,2水,3水,偶数月2水
月見１～５丁目,福井市清掃清美課,火･金,1･3木,月,2･4水,1水,3水,4水,偶数月3水
月見町,福井市清掃清美課,火･金,1･3木,月,2･4水,1水,3水,4水,偶数月3水
つくし野１～３丁目,福井市清掃清美課,火･金,2･4木,月,2･4水,3水,1水,4水,偶数月1水
つくも１・２丁目,福井市清掃清美課,月･木,2･4金,火,2･4水,1水,3水,4水,偶数月3水
土橋町,福井市清掃清美課,火･金,2･4月,木,2･4水,3水,1水,4水,奇数月1水
角折町,福井市清掃清美課,月･木,1･3金,火,2･4水,1水,3水,4水,奇数月3水
角原町,福井市清掃清美課,火･金,1･3月,木,2･4水,1水,3水,4水,奇数月3水
坪谷町,福井市清掃清美課,火･金,2･4木,月,1･3水,4水,2水,3水,4木
剣大谷町,福井市清掃清美課,火･金,2･4木,月,1･3水,2水,4水,3水,奇数月4水
手寄１・２丁目,福井市清掃清美課,月･木,2･4火,金,1･3水,4水,2水,3水,偶数月2水
寺前町,福井市清掃清美課,火･金,2･4木,月,2･4水,3水,1水,4水,偶数月1水
照手１～４丁目,福井市清掃清美課,月･木,1･3金,火,1･3水,2水,4水,3水,偶数月4水
照手町４丁目,福井市清掃清美課,月･木,1･3金,火,1･3水,2水,4水,3水,偶数月4水
殿下町,福井市清掃清美課,火･金,2･4木,月,1･3水,4水,2水,3水,奇数月2水
天王町,福井市清掃清美課,火･金,1･3月,木,2･4水,1水,3水,4水,奇数月3水
問屋町１～４丁目,福井市清掃清美課,月･木,2･4火,金,1･3水,4水,2水,3水,偶数月2水
東郷中島町,福井市清掃清美課,火･金,1･3月,木,2･4水,1水,3水,4水,奇数月3水
東郷二ヶ町,福井市清掃清美課,火･金,1･3月,木,2･4水,1水,3水,4水,奇数月3水
堂島町,福井市清掃清美課,火･金,2･4木,月,1･3水,4水,2水,3水,奇数月2水
燈豊町,福井市清掃清美課,火･金,2･4木,月,1･3水,2水,4水,3水,奇数月4水
灯明寺町,福井市清掃清美課,火･金,2･4木,月,2･4水,3水,1水,4水,偶数月1水
灯明寺１～４丁目,福井市清掃清美課,火･金,2･4木,月,2･4水,3水,1水,4水,偶数月1水
栂野町,福井市清掃清美課,月･木,2･4火,金,1･3水,4水,2水,3水,奇数月2水
徳尾町,福井市清掃清美課,火･金,1･3月,木,2･4水,1水,3水,4水,奇数月3水
徳光町,福井市清掃清美課,火･金,1･3月,木,2･4水,1水,3水,4水,奇数月3水
所谷町,福井市清掃清美課,火･金,2･4木,月,1･3水,4水,2水,3水,奇数月4水
栃泉町,福井市清掃清美課,火･金,1･3月,木,2･4水,1水,3水,4水,奇数月3水
豊岡１・２丁目,福井市清掃清美課,月･木,1･3金,火,1･3水,2水,4水,3水,偶数月4水
豊島１・２丁目,福井市清掃清美課,月･木,2･4火,金,1･3水,4水,2水,3水,偶数月2水
中荒井町,福井市清掃清美課,火･金,1･3月,木,2･4水,1水,3水,4水,奇数月3水
中河内町,福井市清掃清美課,火･金,2･4木,月,1･3水,2水,4水,3水,奇数月4水
中新田町,福井市清掃清美課,火･金,2･4木,月,1･3水,4水,2水,3水,奇数月2水
中平町,福井市清掃清美課,収集日は清掃清美課にお問い合わせください｡,収集日は清掃清美課にお問い合わせください｡,収集日は清掃清美課にお問い合わせください。,収集日は清掃清美課にお問い合わせください｡,収集日は清掃清美課にお問い合わせください｡,収集日は清掃清美課にお問い合わせください｡,収集日は清掃清美課にお問い合わせください｡,収集日は清掃清美課にお問い合わせください｡
中角町,福井市清掃清美課,火･金,2･4木,月,2･4水,3水,1水,4水,偶数月1水
中野町,福井市清掃清美課,火･金,1･3月,木,2･4水,1水,3水,4水,奇数月3水
中野１～３丁目,福井市清掃清美課,火･金,1･3月,木,2･4水,1水,3水,4水,奇数月3水
中ノ郷町,福井市清掃清美課,火･金,2･4木,月,1･3水,4水,2水,3水,奇数月2水
長橋町,福井市清掃清美課,火･金,2･4木,月,1･3水,2水,4水,3水,奇数月4水
中毘沙門町,福井市清掃清美課,火･金,1･3月,木,2･4水,1水,3水,4水,奇数月3水
中藤新保町,福井市清掃清美課,火･金,2･4木,月,2･4水,3水,1水,4水,偶数月1水
中町,福井市清掃清美課,火･金,2･4木,月,1･3水,2水,4水,3水,奇数月4水
長本町,福井市清掃清美課,月･木,2･4金,火,1･3水,4水,2水,3水,奇数月2水
中山町,福井市清掃清美課,火･金,2･4木,月,1･3水,2水,4水,3水,奇数月4水
中手町,福井市清掃清美課,火･金,2･4木,月,1･3水,4水,2水,3水,奇数月4水
南居町,福井市清掃清美課,火･金,1･3月,木,2･4水,1水,3水,4水,奇数月3水
波寄町,福井市清掃清美課,火･金,2･4木,月,1･3水,2水,4水,3水,奇数月4水
奈良瀬町,福井市清掃清美課,火･金,2･4木,月,1･3水,4水,2水,3水,奇数月4水
仁位町,福井市清掃清美課,火･金,2･4木,月,1･3水,4水,2水,3水,奇数月4水
西天田町,福井市清掃清美課,火･金,2･4木,月,1･3水,4水,2水,3水,奇数月4水
西荒井町,福井市清掃清美課,火･金,2･4木,月,1･3水,2水,4水,3水,奇数月4水
西板垣町,福井市清掃清美課,月･木,2･4火,金,1･3水,4水,2水,3水,偶数月2水
西市布町,福井市清掃清美課,火･金,2･4木,月,1･3水,4水,2水,3水,奇数月4水
西大味町,福井市清掃清美課,火･金,1･3月,木,2･4水,1水,3水,4水,奇数月3水
西開発１～４丁目,福井市清掃清美課,月･木,2･4金,火,1･3水,4水,2水,3水,奇数月2水
西学園１～３丁目,福井市清掃清美課,月･木,1･3金,火,2･4水,1水,3水,4水,奇数月3水
西方１・２丁目,福井市清掃清美課,月･木,2･4火,金,1･3水,4水,2水,3水,偶数月2水
西木田１～５丁目,福井市清掃清美課,火･金,1･3木,月,2･4水,1水,3水,4水,偶数月3水
西河原町,福井市清掃清美課,火･金,2･4木,月,1･3水,4水,2水,3水,奇数月4水
西下野町,福井市清掃清美課,月･木,2･4金,火,2･4水,1水,3水,4水,奇数月3水
西新町,福井市清掃清美課,火･金,1･3月,木,2･4水,1水,3水,4水,奇数月3水
西谷町,福井市清掃清美課,火･金,1･3木,月,2･4水,1水,3水,4水,偶数月3水
西谷１～３丁目,福井市清掃清美課,火･金,1･3木,月,2･4水,1水,3水,4水,偶数月3水
西中町,福井市清掃清美課,火･金,2･4木,月,1･3水,4水,2水,3水,奇数月4水
西中野町,福井市清掃清美課,火･金,2･4木,月,1･3水,2水,4水,3水,奇数月4水
西畑町,福井市清掃清美課,火･金,2･4木,月,1･3水,2水,4水,3水,奇数月4水
西袋町,福井市清掃清美課,火･金,1･3月,木,2･4水,1水,3水,4水,奇数月3水
西二ッ屋町,福井市清掃清美課,火･金,2･4木,月,1･3水,2水,4水,3水,奇数月4水
西別所町,福井市清掃清美課,火･金,2･4木,月,1･3水,2水,4水,3水,奇数月4水
西堀町,福井市清掃清美課,火･金,2･4月,木,2･4水,3水,1水,4水,奇数月1水
日光１・２丁目,福井市清掃清美課,月･木,1･3金,火,1･3水,2水,4水,3水,偶数月4水
新田塚町,福井市清掃清美課,火･金,2･4木,月,2･4水,3水,1水,4水,偶数月1水
新田塚１・２丁目,福井市清掃清美課,火･金,2･4木,月,2･4水,3水,1水,4水,偶数月1水
二の宮１～５丁目,福井市清掃清美課,火･金,2･4月,木,2･4水,3水,1水,4水,奇数月1水
縫原町,福井市清掃清美課,火･金,2･4木,月,1･3水,4水,2水,3水,奇数月4水
野波町,福井市清掃清美課,火･金,2･4木,月,1･3水,4水,2水,3水,奇数月4水
計石町,福井市清掃清美課,火･金,2･4木,月,1･3水,4水,2水,3水,奇数月4水
羽坂町,福井市清掃清美課,火･金,2･4月,木,1･3水,2水,4水,3水,奇数月4水
畠中町,福井市清掃清美課,火･金,2･4木,月,1･3水,2水,4水,3水,奇数月4水
花野谷町,福井市清掃清美課,月･木,2･4火,金,1･3水,4水,2水,3水,奇数月2水
花守町,福井市清掃清美課,火･金,1･3月,木,2･4水,1水,3水,4水,奇数月3水
花堂北１・２丁目,福井市清掃清美課,火･金,1･3木,月,2･4水,1水,3水,4水,偶数月3水
花堂中１・２丁目,福井市清掃清美課,火･金,1･3木,月,2･4水,1水,3水,4水,偶数月3水
花堂東１丁目（越美北線南）２４・３２・３３字,福井市清掃清美課,火･金,1･3月,木,2･4水,1水,3水,4水,奇数月3水
花堂東１（２４．３２．３３字以外）、２丁目,福井市清掃清美課,月･木,2･4火,金,1･3水,4水,2水,3水,偶数月2水
花堂南１丁目１・２・３・４・１１番以外,福井市清掃清美課,火･金,1･3月,木,2･4水,1水,3水,4水,奇数月3水
花堂南１丁目１・２・３・４・１１番、２丁目,福井市清掃清美課,火･金,1･3木,月,2･4水,1水,3水,4水,偶数月3水
浜北山町,福井市清掃清美課,火･金,2･4木,月,1･3水,2水,4水,3水,4木
浜島町,福井市清掃清美課,火･金,2･4木,月,1･3水,2水,4水,3水,奇数月4水
浜住町,福井市清掃清美課,火･金,2･4木,月,1･3水,2水,4水,3水,奇数月4水
浜別所町,福井市清掃清美課,火･金,2･4木,月,1･3水,2水,4水,3水,奇数月4水
林町,福井市清掃清美課,火･金,2･4木,月,1･3水,4水,2水,3水,奇数月2水
林藤島町,福井市清掃清美課,火･金,2･4木,月,1･3水,4水,2水,3水,奇数月2水
原目町,福井市清掃清美課,火･金,2･4木,月,1･3水,4水,2水,3水,奇数月2水
春山１・２丁目,福井市清掃清美課,月･木,1･3金,火,1･3水,2水,4水,3水,偶数月4水
半田町,福井市清掃清美課,火･金,1･3月,木,2･4水,1水,3水,4水,奇数月3水
東天田町,福井市清掃清美課,火･金,2･4木,月,1･3水,4水,2水,3水,奇数月4水
東今泉町,福井市清掃清美課,月･木,2･4金,火,1･3水,4水,2水,3水,奇数月2水
東大味町,福井市清掃清美課,火･金,1･3月,木,2･4水,1水,3水,4水,奇数月3水
東川上町,福井市清掃清美課,火･金,2･4木,月,1･3水,4水,2水,3水,奇数月4水
東河原町,福井市清掃清美課,火･金,2･4木,月,1･3水,4水,2水,3水,奇数月4水
東下野町,福井市清掃清美課,月･木,2･4金,火,2･4水,1水,3水,4水,奇数月3水
東新町,福井市清掃清美課,火･金,1･3月,木,2･4水,1水,3水,4水,奇数月3水
東平町,福井市清掃清美課,収集日は清掃清美課にお問い合わせください｡,収集日は清掃清美課にお問い合わせください｡,収集日は清掃清美課にお問い合わせください。,収集日は清掃清美課にお問い合わせください｡,収集日は清掃清美課にお問い合わせください｡,収集日は清掃清美課にお問い合わせください｡,収集日は清掃清美課にお問い合わせください｡,収集日は清掃清美課にお問い合わせください｡
東俣町,福井市清掃清美課,火･金,2･4木,月,1･3水,4水,2水,3水,奇数月4水
引目町,福井市清掃清美課,火･金,1･3月,木,2･4水,1水,3水,4水,奇数月3水
日之出１～５丁目,福井市清掃清美課,月･木,2･4金,火,1･3水,4水,2水,3水,奇数月2水
平尾町,福井市清掃清美課,火･金,2･4木,月,1･3水,2水,4水,3水,4木
深坂町,福井市清掃清美課,火･金,2･4木,月,1･3水,2水,4水,3水,奇数月4水
深谷町,福井市清掃清美課,火･金,2･4月,木,2･4水,3水,1水,4水,奇数月1水
深見町,福井市清掃清美課,火･金,1･3月,木,2･4水,1水,3水,4水,奇数月3水
福１・２丁目,福井市清掃清美課,火･金,1･3木,月,2･4水,1水,3水,4水,偶数月3水
福島町,福井市清掃清美課,火･金,2･4木,月,1･3水,4水,2水,3水,奇数月4水
福新町,福井市清掃清美課,火･金,2･4月,木,2･4水,1水,3水,4水,偶数月3水
福町,福井市清掃清美課,火･金,1･3木,月,2･4水,1水,3水,4水,偶数月3水
藤島町,福井市清掃清美課,火･金,2･4木,月,1･3水,4水,2水,3水,奇数月2水
武周町,福井市清掃清美課,収集日は清掃清美課にお問い合わせください｡,収集日は清掃清美課にお問い合わせください｡,収集日は清掃清美課にお問い合わせください。,収集日は清掃清美課にお問い合わせください｡,収集日は清掃清美課にお問い合わせください｡,収集日は清掃清美課にお問い合わせください｡,収集日は清掃清美課にお問い合わせください｡,収集日は清掃清美課にお問い合わせください｡
布施田町,福井市清掃清美課,火･金,2･4木,月,1･3水,2水,4水,3水,奇数月4水
二上町,福井市清掃清美課,火･金,1･3月,木,2･4水,1水,3水,4水,奇数月3水
二ッ屋町,福井市清掃清美課,収集日は清掃清美課にお問い合わせください｡,収集日は清掃清美課にお問い合わせください｡,収集日は清掃清美課にお問い合わせください。,収集日は清掃清美課にお問い合わせください｡,収集日は清掃清美課にお問い合わせください｡,収集日は清掃清美課にお問い合わせください｡,収集日は清掃清美課にお問い合わせください｡,収集日は清掃清美課にお問い合わせください｡
渕１～３丁目、渕４丁目（７０４～７３０、８０１～２５００）,福井市清掃清美課,火･金,1･3木,月,2･4水,1水,3水,4水,偶数月3水
渕４丁目（７０４～７３０、８０１～２５００以外）,福井市清掃清美課,火･金,2･4月,木,2･4水,1水,3水,4水,偶数月3水
渕町５・６字,福井市清掃清美課,火･金,2･4月,木,2･4水,1水,3水,4水,偶数月3水
渕町５・６字以外,福井市清掃清美課,火･金,1･3木,月,2･4水,1水,3水,4水,偶数月3水
二日市町,福井市清掃清美課,火･金,2･4木,月,2･4水,3水,1水,4水,偶数月1水
舟橋町,福井市清掃清美課,火･金,2･4木,月,2･4水,3水,1水,4水,偶数月1水
舟橋１～３丁目,福井市清掃清美課,火･金,2･4木,月,2･4水,3水,1水,4水,偶数月1水
舟橋黒竜１・２丁目,福井市清掃清美課,火･金,2･4木,月,2･4水,3水,1水,4水,偶数月1水
舟橋新１・２丁目,福井市清掃清美課,火･金,2･4木,月,2･4水,3水,1水,4水,偶数月1水
舟橋新町,福井市清掃清美課,火･金,2･4木,月,2･4水,3水,1水,4水,偶数月1水
冬野町,福井市清掃清美課,火･金,1･3月,木,2･4水,1水,3水,4水,奇数月3水
古市町,福井市清掃清美課,月･木,2･4金,火,2･4水,3水,1水,4水,偶数月1水
古市１～３丁目,福井市清掃清美課,月･木,2･4金,火,2･4水,3水,1水,4水,偶数月1水
文京１～７丁目,福井市清掃清美課,火･金,2･4月,木,2･4水,3水,1水,4水,奇数月1水
別所町,福井市清掃清美課,火･金,1･3月,木,2･4水,1水,3水,4水,奇数月3水
別畑町,福井市清掃清美課,収集日は清掃清美課にお問い合わせください｡,収集日は清掃清美課にお問い合わせください｡,収集日は清掃清美課にお問い合わせください。,収集日は清掃清美課にお問い合わせください｡,収集日は清掃清美課にお問い合わせください｡,収集日は清掃清美課にお問い合わせください｡,収集日は清掃清美課にお問い合わせください｡,収集日は清掃清美課にお問い合わせください｡
宝永１～４丁目,福井市清掃清美課,月･木,1･3火,金,1･3水,2水,4水,3水,偶数月4水
鉾ヶ崎町,福井市清掃清美課,火･金,1･3月,木,2･4水,1水,3水,4水,奇数月3水
細坂町,福井市清掃清美課,火･金,2･4月,木,1･3水,2水,4水,3水,奇数月4水
帆谷町,福井市清掃清美課,火･金,1･3月,木,2･4水,1水,3水,4水,奇数月3水
堀ノ宮町,福井市清掃清美課,火･金,2･4月,木,2･4水,3水,1水,4水,奇数月1水
堀ノ宮１丁目,福井市清掃清美課,火･金,2･4月,木,2･4水,3水,1水,4水,奇数月1水
本堂町,福井市清掃清美課,火･金,2･4月,木,1･3水,2水,4水,3水,奇数月4水
舞屋町,福井市清掃清美課,火･金,1･3木,月,2･4水,1水,3水,4水,偶数月3水
前波町,福井市清掃清美課,月･木,2･4火,金,1･3水,4水,2水,3水,奇数月2水
真木町,福井市清掃清美課,火･金,1･3月,木,2･4水,1水,3水,4水,奇数月3水
真栗町,福井市清掃清美課,火･金,2･4木,月,1･3水,4水,2水,3水,4木
町屋１～３丁目,福井市清掃清美課,火･金,2･4月,木,2･4水,3水,1水,4水,奇数月1水
松蔭町,福井市清掃清美課,火･金,2･4木,月,1･3水,2水,4水,3水,奇数月4水
松城町,福井市清掃清美課,月･木,2･4金,火,1･3水,4水,2水,3水,奇数月2水
松本１～４丁目,福井市清掃清美課,月･木,1･3火,金,1･3水,2水,4水,3水,偶数月4水
間戸町,福井市清掃清美課,火･金,2･4木,月,1･3水,4水,2水,3水,奇数月4水
間山町,福井市清掃清美課,火･金,2･4木,月,1･3水,4水,2水,3水,奇数月2水
丸山町,福井市清掃清美課,月･木,2･4金,火,1･3水,4水,2水,3水,奇数月2水
丸山１～３丁目,福井市清掃清美課,月･木,2･4金,火,1･3水,4水,2水,3水,奇数月2水
三尾野町,福井市清掃清美課,火･金,1･3月,木,2･4水,1水,3水,4水,奇数月3水
水切町,福井市清掃清美課,火･金,2･4木,月,1･3水,2水,4水,3水,奇数月4水
水越１・２丁目,福井市清掃清美課,月･木,1･3金,火,2･4水,1水,3水,4水,奇数月3水
水谷町,福井市清掃清美課,火･金,2･4木,月,1･3水,2水,4水,3水,奇数月4水
三ツ屋町,福井市清掃清美課,火･金,2･4月,木,2･4水,3水,1水,4水,奇数月1水
三ツ屋１・２丁目,福井市清掃清美課,火･金,2･4月,木,2･4水,3水,1水,4水,奇数月1水
三留町,福井市清掃清美課,火･金,2･4木,月,1･3水,4水,2水,3水,4木
南江守町,福井市清掃清美課,火･金,1･3月,木,2･4水,1水,3水,4水,奇数月3水
南菅生町,福井市清掃清美課,火･金,2･4木,月,1･3水,2水,4水,3水,奇数月4水
南楢原町,福井市清掃清美課,火･金,2･4木,月,1･3水,2水,4水,3水,奇数月4水
南西俣町,福井市清掃清美課,火･金,2･4木,月,1･3水,4水,2水,3水,奇数月4水
南野津又町,福井市清掃清美課,火･金,2･4木,月,1･3水,4水,2水,3水,奇数月4水
南宮地町,福井市清掃清美課,火･金,2･4木,月,1･3水,4水,2水,3水,奇数月4水
南山町,福井市清掃清美課,火･金,1･3月,木,2･4水,1水,3水,4水,奇数月3水
南四ッ居町,福井市清掃清美課,月･木,2･4金,火,1･3水,4水,2水,3水,奇数月2水
南四ッ居１・２丁目,福井市清掃清美課,月･木,2･4金,火,1･3水,4水,2水,3水,奇数月2水
蓑町,福井市清掃清美課,火･金,2･4木,月,1･3水,2水,4水,3水,奇数月4水
みのり１～４丁目,福井市清掃清美課,火･金,1･3木,月,2･4水,1水,3水,4水,偶数月3水
三宅町,福井市清掃清美課,火･金,2･4木,月,1･3水,2水,4水,3水,奇数月4水
宮地町,福井市清掃清美課,月･木,2･4火,金,1･3水,4水,2水,3水,奇数月2水
美山町,福井市清掃清美課,火･金,2･4木,月,1･3水,4水,2水,3水,奇数月4水
美山大谷町,福井市清掃清美課,火･金,2･4木,月,1･3水,4水,2水,3水,奇数月4水
御幸１～４丁目,福井市清掃清美課,月･木,2･4火,金,1･3水,4水,2水,3水,偶数月2水
六日市町,福井市清掃清美課,火･金,2･4木,月,2･4水,3水,1水,4水,偶数月1水
和布町,福井市清掃清美課,火･金,2･4木,月,1･3水,2水,4水,3水,奇数月4水
免鳥町,福井市清掃清美課,火･金,2･4木,月,1･3水,2水,4水,3水,奇数月4水
本折町,福井市清掃清美課,火･金,2･4木,月,1･3水,2水,4水,3水,4木
桃園１・２丁目,福井市清掃清美課,月･木,2･4金,火,2･4水,1水,3水,4水,偶数月3水
森田新保町,福井市清掃清美課,月･木,2･4金,火,2･4水,3水,1水,4水,偶数月1水
森行町,福井市清掃清美課,火･金,1･3月,木,2･4水,1水,3水,4水,奇数月3水
門前町,福井市清掃清美課,火･金,1･3木,月,2･4水,1水,3水,4水,偶数月3水
門前１・２丁目,福井市清掃清美課,火･金,1･3木,月,2･4水,1水,3水,4水,偶数月3水
八重巻町,福井市清掃清美課,月･木,2･4金,火,2･4水,3水,1水,4水,偶数月1水
八重巻中町,福井市清掃清美課,月･木,2･4金,火,2･4水,3水,1水,4水,偶数月1水
八重巻東町,福井市清掃清美課,月･木,2･4金,火,2･4水,3水,1水,4水,偶数月1水
薬師町,福井市清掃清美課,火･金,2･4木,月,1･3水,4水,2水,3水,奇数月4水
安田町,福井市清掃清美課,火･金,2･4月,木,1･3水,2水,4水,3水,奇数月4水
安竹町,福井市清掃清美課,火･金,2･4月,木,2･4水,3水,1水,4水,奇数月1水
安原町,福井市清掃清美課,火･金,1･3月,木,2･4水,1水,3水,4水,奇数月3水
八ツ島町,福井市清掃清美課,火･金,2･4月,木,2･4水,3水,1水,4水,奇数月1水
八ッ島１丁目,福井市清掃清美課,火･金,2･4月,木,2･4水,3水,1水,4水,奇数月1水
八ツ俣町,福井市清掃清美課,火･金,2･4木,月,1･3水,2水,4水,3水,4木
山内町,福井市清掃清美課,火･金,2･4木,月,1･3水,2水,4水,3水,4木
山室町,福井市清掃清美課,火･金,2･4木,月,2･4水,3水,1水,4水,偶数月1水
八幡町,福井市清掃清美課,火･金,2･4木,月,1･3水,2水,4水,3水,奇数月4水
有楽町,福井市清掃清美課,月･木,2･4金,火,2･4水,1水,3水,4水,偶数月3水
横越町,福井市清掃清美課,火･金,2･4木,月,1･3水,4水,2水,3水,奇数月4水
吉山町,福井市清掃清美課,火･金,2･4木,月,1･3水,4水,2水,3水,奇数月4水
四ッ井１・２丁目,福井市清掃清美課,月･木,2･4金,火,1･3水,4水,2水,3水,奇数月2水
米松１・２丁目,福井市清掃清美課,月･木,2･4金,火,1･3水,4水,2水,3水,奇数月2水
両橋屋町,福井市清掃清美課,火･金,2･4木,月,1･3水,2水,4水,3水,奇数月4水
寮町,福井市清掃清美課,火･金,2･4木,月,1･3水,4水,2水,3水,奇数月2水
若栄町,福井市清掃清美課,火･金,2･4木,月,1･3水,4水,2水,3水,奇数月2水
若杉町,福井市清掃清美課,月･木,2･4金,火,2･4水,1水,3水,4水,奇数月3水
若杉１・２丁目、３丁目（３０１～１１００以外）、４丁目,福井市清掃清美課,月･木,2･4金,火,2･4水,1水,3水,4水,奇数月3水
若杉３丁目３０１～１１００番,福井市清掃清美課,火･金,1･3木,月,2･4水,1水,3水,4水,偶数月3水
若杉浜１～３丁目,福井市清掃清美課,月･木,2･4金,火,2･4水,1水,3水,4水,奇数月3水
脇三ヶ町,福井市清掃清美課,火･金,1･3月,木,2･4水,1水,3水,4水,奇数月3水
和田町,福井市清掃清美課,火･金,2･4木,月,1･3水,4水,2水,3水,4木
和田１～３丁目,福井市清掃清美課,月･木,2･4火,金,1･3水,4水,2水,3水,偶数月2水
和田中町,福井市清掃清美課,月･木,2･4火,金,1･3水,4水,2水,3水,偶数月2水
和田中１～３丁目,福井市清掃清美課,月･木,2･4火,金,1･3水,4水,2水,3水,偶数月2水
和田東１・２丁目,福井市清掃清美課,月･木,2･4火,金,1･3水,4水,2水,3水,偶数月2水
渡町１０１～６２０,福井市清掃清美課,月･木,1･3金,火,2･4水,1水,3水,4水,奇数月3水
渡町６２１～７２０,福井市清掃清美課,月･木,2･4金,火,2･4水,1水,3水,4水,奇数月3水
